{
  "created_at": "2025-08-15T12:30:17",
  "train_years": [
    2023,
    2024
  ],
  "n_rows": 102346,
  "n_parts": 146,
  "group_count": 36,
  "feature_count": 32,
  "rf_params": {
    "rf_reg": 200,
    "rf_days": 200,
    "rf_cls": 200,
    "max_depth": null
  },
  "metrics": {
    "usage_mae": 35.66803810388265,
    "order_mae": 1045.439330339711
  }
}