{
  "created_at": "2025-08-12T15:45:39",
  "train_years": [
    2023,
    2024
  ],
  "n_rows": 106726,
  "n_parts": 146,
  "feature_count": 32,
  "metrics": {
    "order_mae": 1.8082394828070834,
    "days_mae": 0.5102422114432801,
    "acc_6m": 0.9994378337861894,
    "acc_12m": 0.9992972922327368,
    "acc_best_day": 1.0
  },
  "rf_params": {
    "reg_order_n_estimators": 400,
    "reg_days_n_estimators": 400,
    "cls_6m_n_estimators": 300,
    "cls_12m_n_estimators": 300,
    "random_state": 42
  },
  "feature_importance_top": {
    "reg_order": [
      [
        "shipping_fee",
        0.3843090588365626
      ],
      [
        "region_fee",
        0.36467635608509924
      ],
      [
        "rolling7_used",
        0.22652469022648564
      ],
      [
        "unit_price",
        0.005124606482659697
      ],
      [
        "rolling30_used",
        0.003967908118253045
      ],
      [
        "roll30_std_used",
        0.0038168377923360375
      ],
      [
        "opening_stock",
        0.0030399772929507575
      ],
      [
        "roll7_std_used",
        0.002375572639937337
      ],
      [
        "category_Inductor",
        0.0022514465364874107
      ],
      [
        "monthly_discount",
        0.002208312669751748
      ],
      [
        "planned_usage",
        0.0004611454889000424
      ],
      [
        "used_actual",
        0.0004183099302670302
      ],
      [
        "category_Resistor",
        0.0003440600111825595
      ],
      [
        "lag30_used",
        0.00011138088265606427
      ],
      [
        "lag7_used",
        9.811430274434326e-05
      ],
      [
        "lag1_used",
        9.410688598394881e-05
      ],
      [
        "month",
        7.6479283414958e-05
      ],
      [
        "dow",
        6.591401458607763e-05
      ],
      [
        "size_604",
        1.9577823375085475e-05
      ],
      [
        "manufacturer_samsung",
        1.0489227879636609e-05
      ]
    ],
    "reg_days": [
      [
        "rolling7_used",
        0.8390485929400938
      ],
      [
        "opening_stock",
        0.1158961791704966
      ],
      [
        "unit_price",
        0.03951224426609268
      ],
      [
        "rolling30_used",
        0.004219365533147035
      ],
      [
        "month",
        0.0006651694047185435
      ],
      [
        "roll30_std_used",
        0.00029829482466889535
      ],
      [
        "roll7_std_used",
        0.0001445242196601702
      ],
      [
        "monthly_discount",
        3.911909494698245e-05
      ],
      [
        "lag30_used",
        3.517193059316977e-05
      ],
      [
        "dow",
        2.9144935459642007e-05
      ],
      [
        "lag7_used",
        2.7114152692786253e-05
      ],
      [
        "lag1_used",
        2.578490981832655e-05
      ],
      [
        "planned_usage",
        1.755700344589296e-05
      ],
      [
        "used_actual",
        1.657059603195397e-05
      ],
      [
        "category_RF Filter / Module",
        5.044875161749343e-06
      ],
      [
        "region_fee",
        4.065904212473712e-06
      ],
      [
        "shipping_fee",
        4.010576615091916e-06
      ],
      [
        "size_2520",
        3.3505239878387547e-06
      ],
      [
        "category_RF Front-End / PA",
        2.1156809342295845e-06
      ],
      [
        "manufacturer_samsung",
        1.9012718471442583e-06
      ]
    ]
  }
}